{
  "sentiment": {
    "bins": [
      "[-1, -0.5)",
      "[-0.5, 0)",
      "[0, 0.5)",
      "[0.5, 1.01)"
    ],
    "pool": [
      0.09506645640910115,
      0.5800856048659608,
      0.30006758278891643,
      0.024780355936021625
    ],
    "positive": [
      0.10682046138415245,
      0.574222668004012,
      0.28986960882647944,
      0.029087261785356068
    ],
    "negative": [
      0.09498861047835991,
      0.5810933940774488,
      0.29908883826879273,
      0.024829157175398634
    ],
    "pool_counts": [
      422,
      2575,
      1332,
      110
    ],
    "pos_counts": [
      213,
      1145,
      578,
      58
    ],
    "neg_counts": [
      417,
      2551,
      1313,
      109
    ]
  },
  "party": {
    "pool": {
      "gov_only": 0.02703311556656905,
      "opp_only": 0.010137418337463393,
      "composition": 0.02815949538184276,
      "minority_other": 0.25095742284298267,
      "no_parties": 0.6837125478711421
    },
    "positive": {
      "gov_only": 0.028084252758274825,
      "opp_only": 0.007021063189568706,
      "composition": 0.025075225677031094,
      "minority_other": 0.2632898696088265,
      "no_parties": 0.6765295887662989
    },
    "negative": {
      "gov_only": 0.02665148063781321,
      "opp_only": 0.010022779043280182,
      "composition": 0.028018223234624145,
      "minority_other": 0.25125284738041004,
      "no_parties": 0.6840546697038724
    }
  },
  "strategies": {
    "oracle_pure": {
      "description": "Exact distribution of positive test items",
      "sentiment": [
        0.10682046138415245,
        0.574222668004012,
        0.28986960882647944,
        0.029087261785356068
      ],
      "party": {
        "gov_only": 0.028084252758274825,
        "opp_only": 0.007021063189568706,
        "composition": 0.025075225677031094,
        "minority_other": 0.2632898696088265,
        "no_parties": 0.6765295887662989
      }
    },
    "discriminative": {
      "description": "Weighted by pos/(pos+neg) ratio per bin",
      "sentiment": [
        0.2571981989385376,
        0.24150920041658197,
        0.23915099278434784,
        0.2621416078605324
      ],
      "party": {
        "gov_only": 0.2132318032825711,
        "opp_only": 0.17119671398898853,
        "composition": 0.19627453667761388,
        "minority_other": 0.21265361123104132,
        "no_parties": 0.2066433348197852
      }
    },
    "feasibility_aware": {
      "description": "Oracle clamped to pool supply (ILP-feasible)",
      "sentiment": [
        0.09527296232227138,
        0.5813456824167034,
        0.29854717076943804,
        0.024834184491587325
      ],
      "party": {
        "gov_only": 0.027106894147472624,
        "opp_only": 0.010165085305302234,
        "composition": 0.02823634807028398,
        "minority_other": 0.25164233400237085,
        "no_parties": 0.6828493384745703
      }
    }
  }
}